source_short_name,label,svg_group_id,candidate_ontology_id,candidate_ontology_ids,x,y,width,height,source_attributes,confidence,notes
RF-C,RF-C,svg_122_6,,[],424.0000043947204,83.37038383948254,,,"{""data-filter"":""RF-C"",""class"":""bas-floor-graphics-display-point"",""id"":""svg_122_6""}",0.12,no canonical ontology alias match found
MAD-O,MAD-O,svg_102_6,,[],145.08064880666842,486.2654959533893,,,"{""data-filter"":""MAD-O"",""class"":""bas-floor-graphics-display-point"",""id"":""svg_102_6""}",0.12,no canonical ontology alias match found
RF-S,RF-S,svg_116_6,,[],424.0000043947204,138.37038383948254,,,"{""data-filter"":""RF-S"",""class"":""bas-floor-graphics-display-point"",""id"":""svg_116_6""}",0.12,no canonical ontology alias match found
RF-O,RF-O,svg_170_6,,[],424.0000043947204,28.370383839482542,,,"{""data-filter"":""RF-O"",""class"":""bas-floor-graphics-display-point"",""id"":""svg_170_6""}",0.12,no canonical ontology alias match found
RAPLO-A,RAPLO-A,svg_197_6,,[],878.0178580317242,235.31158725944857,,,"{""data-filter"":""RAPLO-A"",""class"":""bas-floor-graphics-display-point"",""id"":""svg_197_6""}",0.12,no canonical ontology alias match found
RA-SD,RA-SD,svg_251_6,,[],1005.6255272018909,267.0050629213846,,,"{""data-filter"":""RA-SD"",""class"":""bas-floor-graphics-display-point"",""id"":""svg_251_6""}",0.12,no canonical ontology alias match found
RA-T,RA-T,svg_266_6,,[],1139.5020875680643,254.59637013775534,,,"{""data-filter"":""RA-T"",""class"":""bas-floor-graphics-display-point"",""id"":""svg_266_6""}",0.12,no canonical ontology alias match found
RAT-SP,RAT-SP,svg_328_6,,[],1139.5020875680643,199.59637013775534,,,"{""data-filter"":""RAT-SP"",""class"":""bas-floor-graphics-display-point"",""id"":""svg_328_6""}",0.12,no canonical ontology alias match found
RA-H,RA-H,svg_331_6,,[],1139.5020875680643,144.59637013775534,,,"{""data-filter"":""RA-H"",""class"":""bas-floor-graphics-display-point"",""id"":""svg_331_6""}",0.12,no canonical ontology alias match found
RAH-SP,RAH-SP,svg_337_6,,[],1139.5020875680643,89.59637013775534,,,"{""data-filter"":""RAH-SP"",""class"":""bas-floor-graphics-display-point"",""id"":""svg_337_6""}",0.12,no canonical ontology alias match found
RA-P,RA-P,svg_348_6,,[],1292.059343093953,268.1390268691372,,,"{""data-filter"":""RA-P"",""class"":""bas-floor-graphics-display-point"",""id"":""svg_348_6""}",0.12,no canonical ontology alias match found
RAP-SP,RAP-SP,svg_352_6,,[],1292.059343093953,213.13902686913718,,,"{""data-filter"":""RAP-SP"",""class"":""bas-floor-graphics-display-point"",""id"":""svg_352_6""}",0.12,no canonical ontology alias match found
MOAD-S,MOAD-S,svg_354_6,,[],131.7701000243198,657.6932845909678,,,"{""data-filter"":""MOAD-S"",""class"":""bas-floor-graphics-display-point"",""id"":""svg_354_6""}",0.12,no canonical ontology alias match found
MOAD-C,MOAD-C,svg_357_6,,[],131.7701000243198,602.6932845909678,,,"{""data-filter"":""MOAD-C"",""class"":""bas-floor-graphics-display-point"",""id"":""svg_357_6""}",0.12,no canonical ontology alias match found
GEF-C,GEF-C,svg_374_6,,[],170.45876709520905,778.2430028845212,,,"{""data-filter"":""GEF-C"",""class"":""bas-floor-graphics-display-point"",""id"":""svg_374_6""}",0.12,no canonical ontology alias match found
GEF-S,GEF-S,svg_391_6,,[],170.45876709520905,833.2430028845212,,,"{""data-filter"":""GEF-S"",""class"":""bas-floor-graphics-display-point"",""id"":""svg_391_6""}",0.12,no canonical ontology alias match found
PFILT-S,PFILT-S,svg_32_6,,[],527.8421604053408,511.1895118809797,,,"{""data-filter"":""PFILT-S"",""class"":""bas-floor-graphics-display-point"",""id"":""svg_32_6""}",0.12,no canonical ontology alias match found
MA-T,MA-T,svg_272_6,,[],600.6440447875093,496.32378372104404,,,"{""data-filter"":""MA-T"",""class"":""bas-floor-graphics-display-point"",""id"":""svg_272_6""}",0.12,no canonical ontology alias match found
PH-O,PH-O,svg_368_6,,[],658.761027009485,519.8776464156647,,,"{""data-filter"":""PH-O"",""class"":""bas-floor-graphics-display-point"",""id"":""svg_368_6""}",0.12,no canonical ontology alias match found
PH-POS,PH-POS,svg_370_6,,[],658.761027009485,464.8776464156647,,,"{""data-filter"":""PH-POS"",""class"":""bas-floor-graphics-display-point"",""id"":""svg_370_6""}",0.12,no canonical ontology alias match found
PH-T,PH-T,svg_384_6,,[],770.2620772224568,507.6671758265488,,,"{""data-filter"":""PH-T"",""class"":""bas-floor-graphics-display-point"",""id"":""svg_384_6""}",0.12,no canonical ontology alias match found
CLG-O,CLG-O,svg_120_6,,[],938.953774621873,538.3739383277557,,,"{""data-filter"":""CLG-O"",""class"":""bas-floor-graphics-display-point"",""id"":""svg_120_6""}",0.12,no canonical ontology alias match found
CLG-POS,CLG-POS,svg_132_6,,[],938.953774621873,483.3739383277557,,,"{""data-filter"":""CLG-POS"",""class"":""bas-floor-graphics-display-point"",""id"":""svg_132_6""}",0.12,no canonical ontology alias match found
CC-T,CC-T,svg_194_6,,[],1046.3544885596243,526.8338600637389,,,"{""data-filter"":""CC-T"",""class"":""bas-floor-graphics-display-point"",""id"":""svg_194_6""}",0.12,no canonical ontology alias match found
RH-O,RH-O,svg_204_6,,[],1115.768034634923,550.2408593120001,,,"{""data-filter"":""RH-O"",""class"":""bas-floor-graphics-display-point"",""id"":""svg_204_6""}",0.12,no canonical ontology alias match found
RH-POS,RH-POS,svg_208_6,,[],1115.768034634923,495.2408593120001,,,"{""data-filter"":""RH-POS"",""class"":""bas-floor-graphics-display-point"",""id"":""svg_208_6""}",0.12,no canonical ontology alias match found
RHC-T,RHC-T,svg_227_6,,[],1046.3544885596243,526.8338600637389,,,"{""data-filter"":""RHC-T"",""class"":""bas-floor-graphics-display-point"",""id"":""svg_227_6""}",0.12,no canonical ontology alias match found
DAPHI-A,DAPHI-A,svg_394_6,,[],1337.541701796983,541.8418306860099,,,"{""data-filter"":""DAPHI-A"",""class"":""bas-floor-graphics-display-point"",""id"":""svg_394_6""}",0.12,no canonical ontology alias match found
FFILT-S,FFILT-S,svg_443_6,,[],1429.7991879283375,571.4143622680599,,,"{""data-filter"":""FFILT-S"",""class"":""bas-floor-graphics-display-point"",""id"":""svg_443_6""}",0.12,no canonical ontology alias match found
DA-SD,DA-SD,svg_445_6,,[],1499.3684058720658,576.3936431036527,,,"{""data-filter"":""DA-SD"",""class"":""bas-floor-graphics-display-point"",""id"":""svg_445_6""}",0.12,no canonical ontology alias match found
DA-T,DA-T,svg_449_6,,[],1560.6164494212405,560.9154790042044,,,"{""data-filter"":""DA-T"",""class"":""bas-floor-graphics-display-point"",""id"":""svg_449_6""}",0.12,no canonical ontology alias match found
DAT-SP,DAT-SP,svg_452_6,,[],1560.6164494212405,505.91547900420437,,,"{""data-filter"":""DAT-SP"",""class"":""bas-floor-graphics-display-point"",""id"":""svg_452_6""}",0.12,no canonical ontology alias match found
CLG7-C,CLG7-C,svg_335_6,,[],937.4301645798573,208.27339302074267,,,"{""data-filter"":""CLG7-C"",""class"":""bas-floor-graphics-display-point"",""id"":""svg_335_6""}",0.12,no canonical ontology alias match found
CLG8-C,CLG8-C,svg_382_6,,[],937.4301645798573,153.27339302074267,,,"{""data-filter"":""CLG8-C"",""class"":""bas-floor-graphics-display-point"",""id"":""svg_382_6""}",0.12,no canonical ontology alias match found
CLG6-C,CLG6-C,svg_389_6,,[],937.4301645798573,263.2733930207427,,,"{""data-filter"":""CLG6-C"",""class"":""bas-floor-graphics-display-point"",""id"":""svg_389_6""}",0.12,no canonical ontology alias match found
CLG5-C,CLG5-C,svg_615_6,,[],937.4301645798573,318.2733930207427,,,"{""data-filter"":""CLG5-C"",""class"":""bas-floor-graphics-display-point"",""id"":""svg_615_6""}",0.12,no canonical ontology alias match found
CLG4-C,CLG4-C,svg_620_6,,[],937.4301645798573,373.2733930207427,,,"{""data-filter"":""CLG4-C"",""class"":""bas-floor-graphics-display-point"",""id"":""svg_620_6""}",0.12,no canonical ontology alias match found
CLG3-C,CLG3-C,svg_622_6,,[],937.4301645798573,428.2733930207427,,,"{""data-filter"":""CLG3-C"",""class"":""bas-floor-graphics-display-point"",""id"":""svg_622_6""}",0.12,no canonical ontology alias match found
CLG2-C,CLG2-C,svg_625_6,,[],937.4301645798573,483.2733930207427,,,"{""data-filter"":""CLG2-C"",""class"":""bas-floor-graphics-display-point"",""id"":""svg_625_6""}",0.12,no canonical ontology alias match found
CLG1-C,CLG1-C,svg_627_6,,[],937.4301645798573,538.2733930207427,,,"{""data-filter"":""CLG1-C"",""class"":""bas-floor-graphics-display-point"",""id"":""svg_627_6""}",0.12,no canonical ontology alias match found
RH1-C,RH1-C,svg_72_6,,[],1108.697120734981,550.2677174335072,,,"{""data-filter"":""RH1-C"",""class"":""bas-floor-graphics-display-point"",""id"":""svg_72_6""}",0.12,no canonical ontology alias match found
RH2-C,RH2-C,svg_98_6,,[],1108.697120734981,495.2677174335072,,,"{""data-filter"":""RH2-C"",""class"":""bas-floor-graphics-display-point"",""id"":""svg_98_6""}",0.12,no canonical ontology alias match found
RH3-C,RH3-C,svg_100_6,,[],1108.697120734981,440.2677174335072,,,"{""data-filter"":""RH3-C"",""class"":""bas-floor-graphics-display-point"",""id"":""svg_100_6""}",0.12,no canonical ontology alias match found
RH4-C,RH4-C,svg_284_6,,[],1108.697120734981,385.2677174335072,,,"{""data-filter"":""RH4-C"",""class"":""bas-floor-graphics-display-point"",""id"":""svg_284_6""}",0.12,no canonical ontology alias match found
RH6-C,RH6-C,svg_286_6,,[],1108.697120734981,275.2677174335072,,,"{""data-filter"":""RH6-C"",""class"":""bas-floor-graphics-display-point"",""id"":""svg_286_6""}",0.12,no canonical ontology alias match found
RH7-C,RH7-C,svg_288_6,,[],1108.697120734981,220.2677174335072,,,"{""data-filter"":""RH7-C"",""class"":""bas-floor-graphics-display-point"",""id"":""svg_288_6""}",0.12,no canonical ontology alias match found
RH8-C,RH8-C,svg_290_6,,[],1108.697120734981,165.2677174335072,,,"{""data-filter"":""RH8-C"",""class"":""bas-floor-graphics-display-point"",""id"":""svg_290_6""}",0.12,no canonical ontology alias match found
RH5-C,RH5-C,svg_292_6,,[],1108.697120734981,330.2677174335072,,,"{""data-filter"":""RH5-C"",""class"":""bas-floor-graphics-display-point"",""id"":""svg_292_6""}",0.12,no canonical ontology alias match found
RA-F,RA-F,svg_11_6,,[],750.7811579609731,250.14781106116789,,,"{""data-filter"":""RA-F"",""class"":""bas-floor-graphics-display-point"",""id"":""svg_11_6""}",0.12,no canonical ontology alias match found
MOA-F,MOA-F,svg_361_6,,[],185.4457732007511,661.3564183252684,,,"{""data-filter"":""MOA-F"",""class"":""bas-floor-graphics-display-point"",""id"":""svg_361_6""}",0.12,no canonical ontology alias match found
PH1-C,PH1-C,svg_35_6,,[],726.6644787442485,400.4344578124577,,,"{""data-filter"":""PH1-C"",""class"":""bas-floor-graphics-display-point"",""id"":""svg_35_6""}",0.12,no canonical ontology alias match found
PH2-C,PH2-C,svg_37_6,,[],726.6644787442485,345.4344578124577,,,"{""data-filter"":""PH2-C"",""class"":""bas-floor-graphics-display-point"",""id"":""svg_37_6""}",0.12,no canonical ontology alias match found
PH3-C,PH3-C,svg_39_6,,[],726.6644787442485,290.4344578124577,,,"{""data-filter"":""PH3-C"",""class"":""bas-floor-graphics-display-point"",""id"":""svg_39_6""}",0.12,no canonical ontology alias match found
PH4-C,PH4-C,svg_41_6,,[],726.6644787442485,235.4344578124577,,,"{""data-filter"":""PH4-C"",""class"":""bas-floor-graphics-display-point"",""id"":""svg_41_6""}",0.12,no canonical ontology alias match found
PH5-C,PH5-C,svg_194_6,,[],726.6644787442485,180.4344578124577,,,"{""data-filter"":""PH5-C"",""class"":""bas-floor-graphics-display-point"",""id"":""svg_194_6""}",0.12,no canonical ontology alias match found
PH6-C,PH6-C,svg_212_6,,[],726.6644787442485,125.43445781245771,,,"{""data-filter"":""PH6-C"",""class"":""bas-floor-graphics-display-point"",""id"":""svg_212_6""}",0.12,no canonical ontology alias match found
PH7-C,PH7-C,svg_214_6,,[],726.6644787442485,70.43445781245771,,,"{""data-filter"":""PH7-C"",""class"":""bas-floor-graphics-display-point"",""id"":""svg_214_6""}",0.12,no canonical ontology alias match found
PH8-C,PH8-C,svg_216_6,,[],726.6644787442485,15.434457812457708,,,"{""data-filter"":""PH8-C"",""class"":""bas-floor-graphics-display-point"",""id"":""svg_216_6""}",0.12,no canonical ontology alias match found
OA-F,OA-F,svg_55_6,,[],166,489,,,"{""data-filter"":""OA-F"",""class"":""bas-floor-graphics-display-point"",""id"":""svg_55_6""}",0.12,no canonical ontology alias match found
PHWL-T,PHWL-T,svg_299_6,,[],827,482,,,"{""data-filter"":""PHWL-T"",""class"":""bas-floor-graphics-display-point"",""id"":""svg_299_6""}",0.12,no canonical ontology alias match found
PHWE-T,PHWE-T,svg_303_6,,[],827,427,,,"{""data-filter"":""PHWE-T"",""class"":""bas-floor-graphics-display-point"",""id"":""svg_303_6""}",0.12,no canonical ontology alias match found
CCWL-T,CCWL-T,svg_491_6,,[],633,550,,,"{""data-filter"":""CCWL-T"",""class"":""bas-floor-graphics-display-point"",""id"":""svg_491_6""}",0.12,no canonical ontology alias match found
CCWE-T,CCWE-T,svg_498_6,,[],633,495,,,"{""data-filter"":""CCWE-T"",""class"":""bas-floor-graphics-display-point"",""id"":""svg_498_6""}",0.12,no canonical ontology alias match found
RHWL-T,RHWL-T,svg_561_6,,[],1555,606,,,"{""data-filter"":""RHWL-T"",""class"":""bas-floor-graphics-display-point"",""id"":""svg_561_6""}",0.12,no canonical ontology alias match found
RHWE-T,RHWE-T,svg_563_6,,[],1555,551,,,"{""data-filter"":""RHWE-T"",""class"":""bas-floor-graphics-display-point"",""id"":""svg_563_6""}",0.12,no canonical ontology alias match found
DA1-P,DA1-P,svg_119_6,,[],1926,541,,,"{""data-filter"":""DA1-P"",""class"":""bas-floor-graphics-display-point"",""id"":""svg_119_6""}",0.12,no canonical ontology alias match found
DAP-SP,DAP-SP,svg_203_6,,[],1926,486,,,"{""data-filter"":""DAP-SP"",""class"":""bas-floor-graphics-display-point"",""id"":""svg_203_6""}",0.12,no canonical ontology alias match found
SF-S,SF-S,svg_265_6,,[],1207,557,,,"{""data-filter"":""SF-S"",""class"":""bas-floor-graphics-display-point"",""id"":""svg_265_6""}",0.12,no canonical ontology alias match found
SF-C,SF-C,svg_407_6,,[],1207,502,,,"{""data-filter"":""SF-C"",""class"":""bas-floor-graphics-display-point"",""id"":""svg_407_6""}",0.12,no canonical ontology alias match found
SF-O,SF-O,svg_409_6,,[],1207,447,,,"{""data-filter"":""SF-O"",""class"":""bas-floor-graphics-display-point"",""id"":""svg_409_6""}",0.12,no canonical ontology alias match found
LT-A,LT-A,svg_465_6,,[],837,516,,,"{""data-filter"":""LT-A"",""class"":""bas-floor-graphics-display-point"",""id"":""svg_465_6""}",0.12,no canonical ontology alias match found
MAD-O,MAD-O,svg_34,,[],390,388,,,"{""data-filter"":""MAD-O"",""class"":""bas-floor-graphics-display-point"",""id"":""svg_102_6""}",0.12,no canonical ontology alias match found
OA-F,OA-F,svg_157,,[],162,488,,,"{""data-filter"":""OA-F"",""class"":""bas-floor-graphics-display-point"",""id"":""svg_55_6""}",0.12,no canonical ontology alias match found
MOAD-S,MOAD-S,svg_169,,[],98,679,,,"{""data-filter"":""MOAD-S"",""class"":""bas-floor-graphics-display-point"",""id"":""svg_354_6""}",0.12,no canonical ontology alias match found
MOAD-C,MOAD-C,svg_171,,[],98,624,,,"{""data-filter"":""MOAD-C"",""class"":""bas-floor-graphics-display-point"",""id"":""svg_357_6""}",0.12,no canonical ontology alias match found
MOA-F,MOA-F,svg_173,,[],157,683,,,"{""data-filter"":""MOA-F"",""class"":""bas-floor-graphics-display-point"",""id"":""svg_361_6""}",0.12,no canonical ontology alias match found
MA-T,MA-T,svg_378,,[],659,424,,,"{""data-filter"":""MA-T"",""class"":""bas-floor-graphics-display-point"",""id"":""svg_272_6""}",0.12,no canonical ontology alias match found
PH1-C,PH1-C,svg_380,,[],690,446,,,"{""data-filter"":""PH1-C"",""class"":""bas-floor-graphics-display-point"",""id"":""svg_35_6""}",0.12,no canonical ontology alias match found
PH2-C,PH2-C,svg_382,,[],690,391,,,"{""data-filter"":""PH2-C"",""class"":""bas-floor-graphics-display-point"",""id"":""svg_37_6""}",0.12,no canonical ontology alias match found
PH3-C,PH3-C,svg_384,,[],690,336,,,"{""data-filter"":""PH3-C"",""class"":""bas-floor-graphics-display-point"",""id"":""svg_39_6""}",0.12,no canonical ontology alias match found
PH4-C,PH4-C,svg_386,,[],690,281,,,"{""data-filter"":""PH4-C"",""class"":""bas-floor-graphics-display-point"",""id"":""svg_41_6""}",0.12,no canonical ontology alias match found
PH5-C,PH5-C,svg_388,,[],690,226,,,"{""data-filter"":""PH5-C"",""class"":""bas-floor-graphics-display-point"",""id"":""svg_194_6""}",0.12,no canonical ontology alias match found
PH6-C,PH6-C,svg_390,,[],690,171,,,"{""data-filter"":""PH6-C"",""class"":""bas-floor-graphics-display-point"",""id"":""svg_212_6""}",0.12,no canonical ontology alias match found
PH7-C,PH7-C,svg_392,,[],690,116,,,"{""data-filter"":""PH7-C"",""class"":""bas-floor-graphics-display-point"",""id"":""svg_214_6""}",0.12,no canonical ontology alias match found
PH8-C,PH8-C,svg_394,,[],690,61,,,"{""data-filter"":""PH8-C"",""class"":""bas-floor-graphics-display-point"",""id"":""svg_216_6""}",0.12,no canonical ontology alias match found
PH-T,PH-T,svg_375,,[],756,430,,,"{""data-filter"":""PH-T"",""class"":""bas-floor-graphics-display-point"",""id"":""svg_384_6""}",0.12,no canonical ontology alias match found
LT-A,LT-A,svg_434,,[],804,436,,,"{""data-filter"":""LT-A"",""class"":""bas-floor-graphics-display-point"",""id"":""svg_465_6""}",0.12,no canonical ontology alias match found
CLG1-C,CLG1-C,svg_438,,[],863,457,,,"{""data-filter"":""CLG1-C"",""class"":""bas-floor-graphics-display-point"",""id"":""svg_627_6""}",0.12,no canonical ontology alias match found
CLG2-C,CLG2-C,svg_440,,[],863,402,,,"{""data-filter"":""CLG2-C"",""class"":""bas-floor-graphics-display-point"",""id"":""svg_625_6""}",0.12,no canonical ontology alias match found
CLG3-C,CLG3-C,svg_442,,[],863,347,,,"{""data-filter"":""CLG3-C"",""class"":""bas-floor-graphics-display-point"",""id"":""svg_622_6""}",0.12,no canonical ontology alias match found
CLG4-C,CLG4-C,svg_444,,[],863,292,,,"{""data-filter"":""CLG4-C"",""class"":""bas-floor-graphics-display-point"",""id"":""svg_620_6""}",0.12,no canonical ontology alias match found
CLG5-C,CLG5-C,svg_446,,[],863,237,,,"{""data-filter"":""CLG5-C"",""class"":""bas-floor-graphics-display-point"",""id"":""svg_615_6""}",0.12,no canonical ontology alias match found
CLG6-C,CLG6-C,svg_448,,[],863,182,,,"{""data-filter"":""CLG6-C"",""class"":""bas-floor-graphics-display-point"",""id"":""svg_389_6""}",0.12,no canonical ontology alias match found
CLG7-C,CLG7-C,svg_450,,[],863,127,,,"{""data-filter"":""CLG7-C"",""class"":""bas-floor-graphics-display-point"",""id"":""svg_335_6""}",0.12,no canonical ontology alias match found
CLG8-C,CLG8-C,svg_452,,[],863,72,,,"{""data-filter"":""CLG8-C"",""class"":""bas-floor-graphics-display-point"",""id"":""svg_382_6""}",0.12,no canonical ontology alias match found
RH1-C,RH1-C,svg_454,,[],978,465,,,"{""data-filter"":""RH1-C"",""class"":""bas-floor-graphics-display-point"",""id"":""svg_72_6""}",0.12,no canonical ontology alias match found
RH2-C,RH2-C,svg_456,,[],978,410,,,"{""data-filter"":""RH2-C"",""class"":""bas-floor-graphics-display-point"",""id"":""svg_98_6""}",0.12,no canonical ontology alias match found
RH3-C,RH3-C,svg_458,,[],978,355,,,"{""data-filter"":""RH3-C"",""class"":""bas-floor-graphics-display-point"",""id"":""svg_100_6""}",0.12,no canonical ontology alias match found
RH4-C,RH4-C,svg_460,,[],978,300,,,"{""data-filter"":""RH4-C"",""class"":""bas-floor-graphics-display-point"",""id"":""svg_284_6""}",0.12,no canonical ontology alias match found
RH5-C,RH5-C,svg_462,,[],978,245,,,"{""data-filter"":""RH5-C"",""class"":""bas-floor-graphics-display-point"",""id"":""svg_292_6""}",0.12,no canonical ontology alias match found
RH6-C,RH6-C,svg_464,,[],978,190,,,"{""data-filter"":""RH6-C"",""class"":""bas-floor-graphics-display-point"",""id"":""svg_286_6""}",0.12,no canonical ontology alias match found
RH7-C,RH7-C,svg_466,,[],978,135,,,"{""data-filter"":""RH7-C"",""class"":""bas-floor-graphics-display-point"",""id"":""svg_288_6""}",0.12,no canonical ontology alias match found
RH8-C,RH8-C,svg_468,,[],978,80,,,"{""data-filter"":""RH8-C"",""class"":""bas-floor-graphics-display-point"",""id"":""svg_290_6""}",0.12,no canonical ontology alias match found
CC-T,CC-T,svg_497,,[],941,444,,,"{""data-filter"":""CC-T"",""class"":""bas-floor-graphics-display-point"",""id"":""svg_194_6""}",0.12,no canonical ontology alias match found
RHC-T,RHC-T,svg_499,,[],1048,451,,,"{""data-filter"":""RHC-T"",""class"":""bas-floor-graphics-display-point"",""id"":""svg_227_6""}",0.12,no canonical ontology alias match found
PH-O,PH-O,svg_501,,[],697,446,,,"{""data-filter"":""PH-O"",""class"":""bas-floor-graphics-display-point"",""id"":""svg_368_6""}",0.12,no canonical ontology alias match found
PH-POS,PH-POS,svg_503,,[],697,391,,,"{""data-filter"":""PH-POS"",""class"":""bas-floor-graphics-display-point"",""id"":""svg_370_6""}",0.12,no canonical ontology alias match found
CLG-POS,CLG-POS,svg_505,,[],874,458,,,"{""data-filter"":""CLG-POS"",""class"":""bas-floor-graphics-display-point"",""id"":""svg_132_6""}",0.12,no canonical ontology alias match found
CLG-O,CLG-O,svg_507,,[],874,403,,,"{""data-filter"":""CLG-O"",""class"":""bas-floor-graphics-display-point"",""id"":""svg_120_6""}",0.12,no canonical ontology alias match found
RAPLO-A,RAPLO-A,svg_490,,[],901,161,,,"{""data-filter"":""RAPLO-A"",""class"":""bas-floor-graphics-display-point"",""id"":""svg_197_6""}",0.12,no canonical ontology alias match found
RA-SD,RA-SD,svg_522,,[],1015,192,,,"{""data-filter"":""RA-SD"",""class"":""bas-floor-graphics-display-point"",""id"":""svg_251_6""}",0.12,no canonical ontology alias match found
FFILT-S,FFILT-S,svg_556,,[],1353,490,,,"{""data-filter"":""FFILT-S"",""class"":""bas-floor-graphics-display-point"",""id"":""svg_443_6""}",0.12,no canonical ontology alias match found
RA-F,RA-F,svg_563,,[],776,176,,,"{""data-filter"":""RA-F"",""class"":""bas-floor-graphics-display-point"",""id"":""svg_11_6""}",0.12,no canonical ontology alias match found
DA-SD,DA-SD,svg_577,,[],1433,495,,,"{""data-filter"":""DA-SD"",""class"":""bas-floor-graphics-display-point"",""id"":""svg_445_6""}",0.12,no canonical ontology alias match found
DA-T,DA-T,svg_583,,[],1511,481,,,"{""data-filter"":""DA-T"",""class"":""bas-floor-graphics-display-point"",""id"":""svg_449_6""}",0.12,no canonical ontology alias match found
DAT-SP,DAT-SP,svg_585,,[],1511,426,,,"{""data-filter"":""DAT-SP"",""class"":""bas-floor-graphics-display-point"",""id"":""svg_452_6""}",0.12,no canonical ontology alias match found
DA1-P,DA1-P,svg_587,,[],1657,437,,,"{""data-filter"":""DA1-P"",""class"":""bas-floor-graphics-display-point"",""id"":""svg_119_6""}",0.12,no canonical ontology alias match found
DAP-SP,DAP-SP,svg_589,,[],1657,492,,,"{""data-filter"":""DAP-SP"",""class"":""bas-floor-graphics-display-point"",""id"":""svg_203_6""}",0.12,no canonical ontology alias match found
DAPHI-A,DAPHI-A,svg_591,,[],1252,460,,,"{""data-filter"":""DAPHI-A"",""class"":""bas-floor-graphics-display-point"",""id"":""svg_394_6""}",0.12,no canonical ontology alias match found
PHWE-T,PHWE-T,svg_601,,[],698,528,,,"{""data-filter"":""PHWE-T"",""class"":""bas-floor-graphics-display-point"",""id"":""svg_303_6""}",0.12,no canonical ontology alias match found
PHWL-T,PHWL-T,svg_603,,[],698,473,,,"{""data-filter"":""PHWL-T"",""class"":""bas-floor-graphics-display-point"",""id"":""svg_299_6""}",0.12,no canonical ontology alias match found
CCWL-T,CCWL-T,svg_605,,[],920,544,,,"{""data-filter"":""CCWL-T"",""class"":""bas-floor-graphics-display-point"",""id"":""svg_491_6""}",0.12,no canonical ontology alias match found
CCWE-T,CCWE-T,svg_607,,[],920,489,,,"{""data-filter"":""CCWE-T"",""class"":""bas-floor-graphics-display-point"",""id"":""svg_498_6""}",0.12,no canonical ontology alias match found
RHWL-T,RHWL-T,svg_609,,[],1070,442,,,"{""data-filter"":""RHWL-T"",""class"":""bas-floor-graphics-display-point"",""id"":""svg_561_6""}",0.12,no canonical ontology alias match found
RHWE-T,RHWE-T,svg_611,,[],1070,387,,,"{""data-filter"":""RHWE-T"",""class"":""bas-floor-graphics-display-point"",""id"":""svg_563_6""}",0.12,no canonical ontology alias match found
RH-O,RH-O,svg_660,,[],1070,541,,,"{""data-filter"":""RH-O"",""class"":""bas-floor-graphics-display-point"",""id"":""svg_204_6""}",0.12,no canonical ontology alias match found
RH-POS,RH-POS,svg_662,,[],1070,486,,,"{""data-filter"":""RH-POS"",""class"":""bas-floor-graphics-display-point"",""id"":""svg_208_6""}",0.12,no canonical ontology alias match found
PFILT-S,PFILT-S,svg_60,,[],543,508,,,"{""data-filter"":""PFILT-S"",""class"":""bas-floor-graphics-display-point"",""id"":""svg_32_6""}",0.12,no canonical ontology alias match found
RF-S,RF-S,svg_176,,[],0,0,,,"{""data-filter"":""RF-S"",""class"":""bas-floor-graphics-display-point"",""id"":""svg_116_6""}",0.12,no canonical ontology alias match found
RF-C,RF-C,svg_178,,[],0,0,,,"{""data-filter"":""RF-C"",""class"":""bas-floor-graphics-display-point"",""id"":""svg_122_6""}",0.12,no canonical ontology alias match found
RF-O,RF-O,svg_283,,[],0,0,,,"{""data-filter"":""RF-O"",""class"":""bas-floor-graphics-display-point"",""id"":""svg_170_6""}",0.12,no canonical ontology alias match found
SF-S,SF-S,svg_470,,[],0,0,,,"{""data-filter"":""SF-S"",""class"":""bas-floor-graphics-display-point"",""id"":""svg_265_6""}",0.12,no canonical ontology alias match found
SF-C,SF-C,svg_473,,[],0,0,,,"{""data-filter"":""SF-C"",""class"":""bas-floor-graphics-display-point"",""id"":""svg_407_6""}",0.12,no canonical ontology alias match found
SF-O,SF-O,svg_475,,[],0,0,,,"{""data-filter"":""SF-O"",""class"":""bas-floor-graphics-display-point"",""id"":""svg_409_6""}",0.12,no canonical ontology alias match found
GEF-S,GEF-S,svg_141,,[],0,0,,,"{""data-filter"":""GEF-S"",""class"":""bas-floor-graphics-display-point"",""id"":""svg_391_6""}",0.12,no canonical ontology alias match found
GEF-C,GEF-C,svg_145,,[],0,0,,,"{""data-filter"":""GEF-C"",""class"":""bas-floor-graphics-display-point"",""id"":""svg_374_6""}",0.12,no canonical ontology alias match found
RA-T,RA-T,,,[],0,0,,,"{""data-filter"":""RA-T"",""class"":""bas-floor-graphics-display-point"",""id"":""svg_266_6""}",0.12,no canonical ontology alias match found
RAT-SP,RAT-SP,,,[],0,0,,,"{""data-filter"":""RAT-SP"",""class"":""bas-floor-graphics-display-point"",""id"":""svg_328_6""}",0.12,no canonical ontology alias match found
RA-H,RA-H,,,[],0,0,,,"{""data-filter"":""RA-H"",""class"":""bas-floor-graphics-display-point"",""id"":""svg_331_6""}",0.12,no canonical ontology alias match found
RAH-SP,RAH-SP,,,[],0,0,,,"{""data-filter"":""RAH-SP"",""class"":""bas-floor-graphics-display-point"",""id"":""svg_337_6""}",0.12,no canonical ontology alias match found
RA-P,RA-P,,,[],0,0,,,"{""data-filter"":""RA-P"",""class"":""bas-floor-graphics-display-point"",""id"":""svg_348_6""}",0.12,no canonical ontology alias match found
RAP-SP,RAP-SP,,,[],0,0,,,"{""data-filter"":""RAP-SP"",""class"":""bas-floor-graphics-display-point"",""id"":""svg_352_6""}",0.12,no canonical ontology alias match found
